"subject","number","name"
"ACCO","330","Cost and Management Accounting"
"ACCO","355","Analysis of Financial Statements"
"ACCO","400","Accounting in Society / Accounting Theory"
"ACCO","420","Financial Reporting III"
"ACCO","425","Financial Reporting IV"
"ACCO","435","Strategic Accounting Case Analysis"
"ACCO","455","Fraud Prevention and Investigation"
"ACCO","465","Advanced Assurance Services"
"ACCO","495","Honours Seminar in Accountancy"
"ACCO","650","Financial Reporting in Practice"
"ACCO","651","Financial Reporting: Comprehensive Applications"
"ACCO","652","Business Advisory Services"
"ACCO","653","Information Systems and Internal Control"
"ACCO","654","Assurance and Professional Practice"
"ACCO","655","Taxation and Decision-Making"
"ACCO","656","Performance Management"
"ACCO","657","Financial Strategies and Decisions"
"ACCO","658","Capstone I Seminar"
"ACCO","659","Capstone II Examination Preparation"
"ACTT","201","INTRODUCTION TO ACTING I"
"ACTT","201","Introduction to Acting"
"ACTT","202","INTRODUCTION TO ACTING II"
"ACTT","202","Introduction to Acting ll"
"ACTT","209","The Engaged Theatre Artist"
"ACTT","210","Scene Study l"
"ACTT","211","Voice and Movement for the Stage l"
"ACTT","231","Ensembles l"
"ACTT","321","Movement for the Stage ll"
"ACTT","325","Voice for the Stage ll"
"ACTT","331","Scene Study ll"
"ACTT","332","Improvisation"
"ACTT","355","Voice for the Stage lll"
"ACTT","358","Movement for the Stage lll"
"ACTT","360","Ensembles ll"
"ACTT","362","Laban for the Actor"
"ACTT","370","Clown for the Actor"
"ACTT","372","Stage Combat"
"ACTT","398","Special Topics in Acting"
"ACTT","399","Special Topics in Acting"
"ACTT","432","Rasa Boxes"
"ACTT","435","Creation Project"
"ACTT","436","One Act Project"
"ACTT","440","Supervised Acting Performance Project"
"ACTT","450","Advanced Acting Studio"
"ACTT","455","Voice for Stage lV"
"ACTT","458","Movement for Stage lV"
"ACTT","460","Classical Text Project"
"ACTT","465","The Actor's Profession"
"ACTT","480","Designing an Acting Workshop"
"ACTT","481","Conducting Acting Workshop"
"ACTT","498","Special Topics in Acting"
"ACTT","499","Special Topics in Acting"
"ACTU","286","Actuarial Mathematics Lab I"
"ACTU","386","Actuarial Mathematics Lab II"
"ACTU","486","Actuarial Mathematics Lab III"
"ADED","230","Roles and Competencies of Adult Educators"
"ADED","344","Design of Adult Learning Projects"
"ADED","345","Evaluating Adult Learning Projects"
"ADED","370","Workshops for Adult Educators"
"AERO","201","Introduction to Flight and Aerospace Systems"
"AERO","371","Modelling and Control Systems"
"AERO","390","Aerospace Engineering Design Project"
"AERO","455","Computational Fluid Dynamics for Aerospace Applications"
"AERO","465","Gas Turbine Design"
"AERO","480","Flight Control Systems"
"AERO","481","Materials Engineering for Aerospace"
"AERO","482","Avionic Navigation Systems (3 credits)"
"AERO","490","Capstone Aerospace Engineering Design Project"
"AHSC","225","Self-Managed Learning"
"AHSC","232","Working in Task Groups"
"AHSC","260","Program Planning, design & evaluation"
"AHSC","322","Fundamentals of Child‑ and Youth‑Care Work"
"AHSC","332","Organization Development 1"
"AHSC","350","Leisure Education"
"AHSC","360","Play, Adult Learning and Development"
"AHSC","361","Leisure Services Leadership"
"AHSC","371","Community Recreation Planning"
"AHSC","384","Therapeutic Recreation: Cognitive Disabilities and Illness"
"AHSC","410","Advanced Youth Work Intervention"
"AHSC","422","Youth and Leisure"
"AHSC","425","Organization Development II"
"AHSC","432","Seminar in Therapeutic Recreation"
"AHSC","435","Fieldwork Practice"
"AHSC","436","Internship in Youth and Family Work"
"AHSC","437","Internships in Leisure Sciences"
"AHSC","438","Internship in Therapeutic Recreation"
"AHSC","439","Internship in Human Relations"
"AHSC","442","Community Development and Leisure"
"AHSC","443","Community Development I"
"AHSC","444","The Older Adult and Leisure"
"AHSC","451","Counselling Skills and Concepts"
"AHSC","456","Advanced Family Life Education"
"AHSC","470","Basic Human Relations Laboratory"
"AHSC","490","Independent Study I"
"AHSC","491","Independent Study II"
"AHSC","498","Leadership,

 Change &

 Social

 Innovation"
"AHSC","510","Advanced Research Methods in Youth Work"
"AHSC","525","Individual and Group Intervention with Youth"
"AHSC","527","Advanced Youth Work Intervention: Case Management and Supervision"
"AHSC","530","Community Youth Development"
"AHSC","533","Internship I in Youth Work"
"AHSC","537","Internship II in Youth Work"
"AHSC","538","Extended Internship in Youth Work"
"AHSC","599","Independent Study"
"AHSC","610","Group Process Intervention"
"AHSC","620","Learning and Individual Change Processes"
"AHSC","631","Research Methods"
"AHSC","632","Planning Human Systems Intervention"
"AHSC","660","Philosophy and Ethics of Intervention"
"AHSC","670","Consultation Methods"
"AHSC","675","Introduction to Open Systems Theory"
"AHSC","680","Facilitating Individual and Group Learning Processes"
"AHSC","685","Coaching Interventions and Processes"
"AHSC","690","Practicum A"
"AHSC","691","Practicum B"
"AHSC","698","Master’s Project"
"ANTH","315","Field Research"
"ANTH","450","Social Economy & Sustainable Futures"
"APLI","601","Graduate Phonology"
"APLI","604","Applied Language Studies"
"APLI","610","Teaching and Learning Second Language Vocabulary"
"APLI","616","Pedagogical Grammar"
"APLI","623","Sociolinguistics"
"APLI","626","Variationist Approaches to Second Language Acquisition"
"APLI","630","Second Language Syllabus Design and Curriculum Planning"
"APLI","634","Cross-linguistic Influence"
"APLI","635","Language Assessment"
"APLI","636","Language Awareness"
"APLI","644","Technology in Language Teaching"
"APLI","647","Supervision of Practice Teaching"
"APLI","660","Research Methods"
"ARTE","201","ART IN EARLY CHILDHOOD I"
"ARTT","470","Professional Internship"
"ARTT","471","Professional Internship I "
"ARTT","472","Professional Internship II"
"ARTX","201","Introduction to Contemporary Art Practices"
"ARTX","280","Integrated Studio in Contemporary Art Practices I"
"ARTX","380","Intermediate Integrated Studio in Contemporary Art Practices"
"ARTX","398","Special Topics in Contemporary Studio Arts Practice"
"ARTX","399","Special Topics in Contemporary Studio Arts Practice"
"ARTX","480","Advanced Integrated Studio in Contemporary Art Practices"
"ARTX","490","Independent Study"
"ARTX","491","Independent Study II"
"ARTX","492","Independent Study II"
"BCEE","371","Surveying"
"BIOL","201","Introductory Biology"
"BIOL","227","Laboratory Studies in Biodiversity"
"BIOL","322","Biostatistics"
"BIOL","330","Vertebrate Biology"
"BIOL","337","Invertebrate Biology"
"BIOL","340","Plant Biology"
"BIOL","351","Basic Population Ecology"
"BIOL","368","Genetics and Cell Biology Laboratory"
"BIOL","382","Comparative Animal Physiology"
"BIOL","398","Intermediate Topics in Biology: Ecology of Urban Environments"
"BIOL","422","Advanced Statistics in Biological Science"
"BIOL","423","Scientific Communication"
"BIOL","450","Techniques in Ecology"
"BIOL","451","Field Ecology"
"BIOL","466","Advanced Techniques in Molecular Biology"
"BIOL","480","Bioinformatics"
"BIOL","486","High-throughput Instrumentation"
"BIOL","490","Independent Study"
"BIOL","498","Internship In Tropical Biology"
"BIOL","510","Bioinformatics"
"BIOL","515","Biotechnology and Genomics Laboratory"
"BIOL","516","Project in Biotechnology and Genomics"
"BIOL","524","High-throughput Instrumentation"
"BIOL","614","Advanced Topics in Ecology: Advanced Field Ecology"
"BIOL","622","Advanced Techniques in Ecology"
"BIOL","630","Bioinformatics"
"BIOL","631","Advanced Top/Biotechnology: Synthetic Biology and Industrial Applications"
"BIOL","631","Advanced Top/Biotechnology: Tools of Synthetic Biology"
"BIOL","670","Scientific Communication"
"BIOL","680","High-throughput Instrumentation"
"BIOL","680","Advanced Topics in Biology: Advanced Statistics in Biological Science"
"BIOL","689","Advanced Techniques in Molecular Biology"
"BIOL","801","Pedagogical Training"
"BIOL","802","Research Seminar"
"BLDG","365","Building Science"
"BLDG","366","Acoustics and Lighting"
"BLDG","371","Building Service Systems"
"BLDG","390","Building Engineering Design Project"
"BLDG","463","Building Envelope Design"
"BLDG","471","HVAC System Design"
"BLDG","476","Thermal Analysis of Buildings"
"BLDG","490","Capstone Building Engineering Design Project (also listed as BLDG 490A, BLDG 490B)"
"BLDG","492","Construction Processes"
"BLDG","6071","Wind Engineering and Building Aerodynamics"
"BLDG","6111","Computer-Aided Building Operation"
"BLDG","6151","Database Applications in Building and Civil Engineering"
"BLDG","6221","Design of Computer-Aided Systems in Building and Civil Engineering"
"BLDG","6231","Applications of Artificial Intelligence in Building and Civil Engineering"
"BLDG","6241","Building Information Modelling in Construction"
"BLDG","6561","Building Economics I"
"BLDG","6571","Project Management"
"BLDG","6581","Decision Analysis"
"BLDG","6591","Computer-Aided Building Design"
"BLDG","6601","Building Enclosure"
"BLDG","6611","Building Science"
"BLDG","6621","Modern Building Materials"
"BLDG","6641","Industrialized Building"
"BLDG","6651","Fire and Smoke Control in Buildings"
"BLDG","6661","Hygrothermal Performance of the Building Envelope"
"BLDG","6701","Building Environment"
"BLDG","6711","Mechanical Systems in Building"
"BLDG","6721","Building Acoustics"
"BLDG","6731","Building Illumination"
"BLDG","6741","HVAC Control Systems"
"BLDG","6751","Indoor Air Quality and Ventilation"
"BLDG","6761","Intelligent Buildings"
"BLDG","6781","Energy Management in Buildings"
"BLDG","6791","Thermal Building Simulation"
"BLDG","6801","Construction Planning and Control"
"BLDG","6851","Project Cost Estimating"
"BLDG","6861","Simulations and Design of Construction Operations"
"BLDG","6951","Solar Building Modelling and Design"
"BLDG","7401","Dispersion of Building Exhaust"
"BLDG","7511","Integrated Building Design"
"BLDG","7521","Advanced Computer-Aided Building Design"
"BLDG","7601","Durability of Building Materials"
"BLDG","7811","Project Acquisition and Control"
"BLDG","7831","Building Economics II"
"BLDG","7841","Information Technology Applications in Construction"
"BLDG","7861","Business Practices in Construction"
"BLDG","7871","Construction Equipment Management"
"BSTA","445","Statistical Software for Data Management and Analysis"
"BSTA","450","Statistical Models for Data Analysis"
"BSTA","477","Managerial Forecasting"
"BSTA","478","Data Mining Techniques"
"BTM","430","Enterprise Resources Planning and Technology Integration"
"BTM","440","Business Information Systems’ Risks, Security and Audit"
"BTM","480","Project Management"
"BTM","481","Information Systems Analysis"
"BTM","495","Information Systems Design and Implementation"
"BTM","496","Information Technology Strategy, Management and Sourcing"
"BTM","633","Strategic Management of Information Technology"
"CART","451","NETWORKED MEDIA STUDIO"
"CATA","262","Emergency Care in Sport and Exercise"
"CATA","263","Principles of Athletic Therapy"
"CATA","337","Assessment of the Upper and Lower Extremities"
"CATA","339","Rehabilitation of the Upper and Lower Extremities"
"CATA","348","Therapeutic Modalities in Sports Medicine"
"CATA","365","Athletic Therapy Field Internship I "
"CATA","437","Assessment of the Hip, Spine and Pelvis"
"CATA","439","Rehabilitation of the Hip, Spine and Pelvis"
"CATA","441","Concepts in Manual Therapy"
"CATA","462","Advanced Emergency Care"
"CATA","475","Athletic Therapy Clinical Internship I"
"CATA","485","Athletic Therapy Field Internship II"
"CATA","495","Athletic Therapy Clinical Internship II"
"CERA","201","Introduction to Ceramics"
"CERA","230","Ceramics I "
"CERA","330","Ceramics II "
"CERA","391","Urban Clay"
"CERA","392","Surface Tension"
"CERA","398","Special Topics in Ceramics"
"CERA","399","Special Topics in Ceramics"
"CERA","430","Ceramics III"
"CERA","450","Independent Study"
"CERA","451","Independent Study I"
"CERA","451","INDEPENDENT STUDY I"
"CERA","452","Independent Study II"
"CERA","498","Special Topics in Ceramics"
"CERA","499","Special Topics in Ceramics"
"CHEM","205","General Chemistry I"
"CHEM","206","General Chemistry II"
"CHEM","212","Analytical Chemistry for Biologists"
"CHEM","217","Introductory Analytical Chemistry I"
"CHEM","218","Introductory Analytical Chemistry II"
"CHEM","221","Introductory Organic Chemistry I"
"CHEM","222","Introductory Organic Chemistry II"
"CHEM","235","Physical Chemistry II: Kinetics of Chemical Reactions"
"CHEM","241","Inorganic Chemistry I: Introduction to Periodicity and Valence Theory"
"CHEM","242","Inorganic Chemistry II: The Chemistry of the Main Group Elements"
"CHEM","271","Biochemistry I"
"CHEM","293","Spectroscopy and Structure of Organic Compounds"
"CHEM","312","Intermediate Analytical Chemistry"
"CHEM","324","Organic Chemistry III: Organic Reactions"
"CHEM","325","Organic Chemistry IV: Organic Structure and Stereochemistry"
"CHEM","333","Introduction to Quantum Theory"
"CHEM","335","Biophysical Chemistry"
"CHEM","341","Inorganic Chemistry III: The Transition Metals"
"CHEM","375","Biochemistry II"
"CHEM","419","Independent Study and Practicum"
"CHEM","431","Computational Chemistry for Chemists and Biochemists"
"CHEM","436","Molecular Modelling of Proteins"
"CHEM","450","Research Project and Thesis "
"CHEM","477","Advanced Laboratory in Biochemistry"
"CHEM","487","Capstone Seminar in Environmental Science "
"CHEM","614","Modern Aspects of Practical Mass Spectrometry"
"CHEM","631","Computational Chemistry"
"CHEM","651","Nanochemistry"
"CHEM","692","Experimental Protein Chemistry"
"CHST","605","Quantitative Methods of Inquiry"
"CHST","606","Qualitative Methods of Inquiry"
"CHST","608","Field Observations"
"CHST","618","Childhood Settings"
"CIVI","231","Geology for Civil Engineers"
"CIVI","321","Engineering Materials"
"CIVI","361","Introduction to Environmental Engineering"
"CIVI","381","Hydraulics"
"CIVI","382","Water Resources Engineering"
"CIVI","390","Civil Engineering Design Project"
"CIVI","432","Soil Mechanics"
"CIVI","440","Computer Applications in Civil Engineering Practice"
"CIVI","453","Design of Reinforced Concrete Structures"
"CIVI","454","Design of Steel Structures"
"CIVI","465","Water Pollution and Control"
"CIVI","469","Geo-Environmental Engineering"
"CIVI","484","Hydraulic Engineering"
"CIVI","6001","Advanced Reinforced Concrete"
"CIVI","6011","Precast and Prestressed Concrete Structures"
"CIVI","6021","Durability of Concrete Materials"
"CIVI","6031","Seismic Assessment and Retrofit of Structures"
"CIVI","6051","Design of Industrial Structures"
"CIVI","6061","Structural Health Monitoring"
"CIVI","6071","Advanced Steel Structures Design"
"CIVI","6101","Planning and Design of Bridges"
"CIVI","6301","Hydrology"
"CIVI","6331","Hydraulic Engineering"
"CIVI","6381","Hydraulic Structures"
"CIVI","6401","Transportation Systems Analysis"
"CIVI","6411","Urban Transportation Planning"
"CIVI","6441","Traffic Engineering"
"CIVI","6451","Pavement Design"
"CIVI","6461","Pavement Management Systems"
"CIVI","6481","Sustainable Management of Industrial Waste"
"CIVI","6491","Engineering Aspects of Site Remediation"
"CIVI","6501","Foundation Engineering"
"CIVI","6521","Soil Behaviour"
"CIVI","6531","Soil Testing and Properties"
"CIVI","6541","Reinforced Earth"
"CIVI","6601","Modelling in Building and Environmental Engineering"
"CIVI","6611","Environmental Engineering"
"CIVI","6621","Engineering Aspects of Biological Treatment of Water and Air"
"CIVI","6631","Hazardous Material Management and Transportation"
"CIVI","6641","Unit Operations in Environmental Engineering"
"CIVI","6651","Water Pollution and Control"
"CIVI","6661","Environmental Impact Assessment"
"CIVI","6671","Fate and Transport of Contaminants in the Environment"
"CIVI","6681","Environmental Nanotechnology"
"CIVI","6691","Greenhouse Gases and Control"
"CIVI","6711","Asset Management for Sustainable Civil Infrastructure"
"CIVI","7001","Earthquake Engineering"
"CIVI","7031","Dynamics of Foundations"
"CIVI","7101","Theory and Design of Orthotropic Bridges"
"CIVI","7111","Theory and Design of Modern Bridge Systems"
"CIVI","7121","Cable Stayed Bridges"
"CIVI","7311","Advanced Analysis of Groundwater Flow and Contamination"
"CIVI","7401","Design of Transportation Terminals"
"CIVI","7901","Environmental Engineering Research Project"
"CLAS","370","Practicum in Archaeology"
"CLAS","383","Intermediate Ancient Greek I: Prose"
"CLAS","384","Intermediate Ancient Greek II: Poetry"
"CLAS","391","Intermediate Latin I: Prose"
"CLAS","392","Intermediate Latin II: Poetry"
"CLAS","410","Advanced Ancient Greek I: Prose"
"CLAS","411","Advanced Ancient Greek II: Poetry"
"CLAS","420","Advanced Latin I: Prose"
"CLAS","421","Advanced Latin II: Poetry"
"CLAS","460","Ancient Pottery:  History, Analysis and Interpretation"
"CLAS","470","Advanced Seminar in Archaeology"
"CLAS","490","Honours Thesis"
"COEN","212","Digital Systems Design I"
"COEN","311","Computer Organization and Software"
"COEN","313","Digital Systems Design II"
"COEN","315","Digital Electronics"
"COEN","316","Computer Architecture and Design"
"COEN","317","Microprocessor Systems"
"COEN","345","Software Testing and Validation"
"COEN","346","Operating Systems"
"COEN","390","Computer Engineering Product Design Project"
"COEN","421","Embedded Systems Design"
"COEN","445","Communication Networks and Protocols"
"COEN","451","VLSI Circuit Design"
"COEN","490","Capstone Computer Engineering Design Project"
"COEN","6211","Biological Computing and Synthetic Biology"
"COEN","6311","Software Engineering"
"COEN","6312","Model-Driven Software Engineering"
"COEN","6313","Programming on the Cloud"
"COEN","6321","Applied Evolutionary and Learning Algorithms"
"COEN","6331","Neural Networks"
"COEN","6341","Embedded System Modelling"
"COEN","6501","Digital System Design and Synthesis"
"COEN","6511","VLSI Circuit Design"
"COEN","6521","Design for Testability"
"COEN","6531","ASIC Synthesis"
"COEN","6541","Functional Hardware Verification"
"COEN","6551","Formal Hardware Verification"
"COEN","6611","Real-time Systems"
"COEN","6711","Microprocessors and Their Applications"
"COEN","6721","Fault-Tolerant Distributed Systems"
"COEN","6741","Computer Architecture and Design"
"COEN","7311","Protocol Design and Validation"
"COEN","7741","Advanced Computer Architecture"
"COMM","205","Business Communication"
"COMM","401","Strategy and Competition"
"COMM","499","Case Competition in Marketing (Seminar)"
"COMM","499","Seminar Course: Business Case Writing "
"COMP","107","Computer Science Industrial Experience Work Term I"
"COMP","108","Computer ScienceIndustrial Experience Reflective Learning I"
"COMP","207","Computer Science Industrial Experience Work Term II"
"COMP","208","Computer Science Industrial Experience Reflective Learning II"
"COMP","248","Object‑Oriented Programming I"
"COMP","249","Object‑Oriented Programming I"
"COMP","346","Operating Systems"
"COMP","353","Databases"
"COMP","354","Introduction to Software Engineering"
"COMP","371","Computer Graphics"
"COMP","376","Introduction to Game Development"
"COMP","428","Parallel Programming"
"COMP","444","System Software Design"
"COMP","445","Data Communication and Computer Networks"
"COMP","451","Database Design"
"COMP","472","Artificial Intelligence"
"COMP","6721","Introduction to Artificial Intelligence"
"COMP","473","Pattern Recognition"
"COMP","474","Intelligent Systems"
"COMP","6741","Intelligent Systems"
"COMP","476","Advanced Game Development"
"COMP","477","Animation for Computer Games"
"COMP","478","Image Processing"
"COMP","479","Information Retrieval and Web Search"
"COMP","490","Computer Science Project I"
"COMP","492","Computer Science Project II"
"COMP","5201","Computer Organization and Assembly Language"
"COMP","5361","Discrete Structures and Formal Languages"
"COMP","5461","Operating Systems"
"COMP","5481","Programming and Problem Solving"
"COMP","5511","Principles of Data Structures"
"COMP","5541","Tools and Techniques for Software Engineering"
"COMP","628","Parallel Programming"
"COMP","6311","Animation for Computer Games"
"COMP","6321","Machine Learning"
"COMP","6331","Advanced Game Development"
"COMP","6421","Compiler Design"
"COMP","6461","Computer Networks and Protocols"
"COMP","6521","Advanced Database Techniques and Applications"
"COMP","6731","Pattern Recognition"
"COMP","6761","Advanced Computer Graphics"
"COMP","6771","Image Processing"
"COMP","6791","Information Retrieval and Web Search"
"COMS","274","Communication Media: Intermedia I"
"COMS","276","Communication Media: Sound I"
"COMS","284","Communication Media: Moving Images I"
"COMS","307","Scriptwriting for the Media"
"COMS","324","Communication Analysis of Environment"
"COMS","361","Propaganda"
"COMS","374","Communication Media: Intermedia II"
"COMS","376","Communication Media: Sound II"
"COMS","384","Communication Media: Moving Images II"
"COMS","393","Communication Media: Special Topics"
"COMS","407","Scriptwriting for the Media"
"COMS","475","Communication Media: Intermedia III"
"COMS","477","Communication Media: Sound III"
"COMS","484","Communication Media: Moving Images III"
"COMS","493","Communication Media: Advanced Topics"
"COMS","506","In the Field: Methods"
"COMS","507","Scriptwriting for the Media"
"COMS","513","Cultures of Production"
"COMS","562","Media Production: Sound"
"COMS","569","Media Production: Moving Images"
"COMS","570","Media Production: Intermedia"
"COMS","606","Media Research Practicum"
"COMS","684","Media Research Laboratory"
"COMS","876","Media Technology as Practice"
"DANC","201","Creative Process I"
"DANC","205","Technique I"
"DANC","240","Principles of Contemporary Dance"
"DANC","301","Creative Process II"
"DANC","305","Technique II"
"DANC","320","Choreography I"
"DANC","350","Practical Anatomy for the Moving Body"
"DANC","398","Special Topics in Dance"
"DANC","401","Creative Process III"
"DANC","405","Technique III "
"DANC","420","Choreography II"
"DFTT","209","Design for Live Performance l"
"DFTT","210","Design for Live Performance ll"
"DFTT","211","Drawing for the Theatre"
"DFTT","212","Introduction to Elements of Production"
"DFTT","298","Special Topics in Design for the Theatre"
"DFTT","299","Special Topics in Design for the Theatre"
"DFTT","301","Introduction to Designer's Studio: Conception"
"DFTT","305","Independent Study I"
"DFTT","311","Lighting Design Conception"
"DFTT","315","Lighting Design Realization"
"DFTT","321","Costume Design Conception"
"DFTT","325","Costume Design Realization"
"DFTT","326","Costume Accessories Realization"
"DFTT","331","Set Design Conception"
"DFTT","335","Set Design Realization"
"DFTT","336","Stage Properties Realization"
"DFTT","337","Scene Painting Realization"
"DFTT","341","Elements of Multimedia Conception"
"DFTT","345","Elements of Multimedia Realization"
"DFTT","350","Introduction to Public Performance Design"
"DFTT","351","Introduction to Public Performance Design"
"DFTT","370","Elements of Production"
"DFTT","371","Elements of Production"
"DFTT","398","Special Topics in Design for the Theatre: Realization"
"DFTT","399","Special Topics in Design for the Theatre"
"DFTT","401","Advanced Designer's Studio"
"DFTT","405","Independent Study II"
"DFTT","450","Advanced Public Performance Design"
"DFTT","451","Advanced Public Performance Design"
"DFTT","451","ADV. PUBLIC PERF. DESIGN"
"DFTT","470","Advanced Elements of Production"
"DFTT","471","Advanced Elements of Production"
"DFTT","498","Special Topics in Design for the Theatre: Conception"
"DFTT","499","Special Topics in Design for the Theatre"
"DRAW","200","Drawing I"
"DRAW","201","Introduction to Drawing"
"DRAW","298","Special Topics in Drawing "
"DRAW","299","Special Topics in Drawing"
"DRAW","300","Drawing II"
"DRAW","310","Narration, Time, Stories I"
"DRAW","312","Drawing and Knowledge I"
"DRAW","314","Life in the Round: Drawing the Figure from Observation I"
"DRAW","398","Special Topics in Drawing"
"DRAW","399","Special Topics in Drawing"
"DRAW","400","Drawing III "
"DRAW","410","Narration, Time, Stories II "
"DRAW","412","Drawing and Knowledge II"
"DRAW","414","Life in the Round: Drawing the Figure from Observation II"
"DRAW","418","Life in the Round: Drawing the Figure from Observation II"
"DRAW","420","Seminar/Workshop in Drawing"
"DRAW","450","Drawing IV"
"DRAW","470","Independent Study"
"DRAW","471","Independent Study I "
"DRAW","472","Independent Study II "
"DRAW","498","Special Topics in Drawing"
"DRAW","499","Special Topics in Drawing "
"EAST","203","DIGITAL AUDIO EDITING"
"EAST","451","ADVANCED RECORDING I"
"EAST","463","Concordia Laptop Orchestra II"
"EAST","481","Supervised Internship I"
"EAST","482","Supervised Internship II"
"ECON","200","Economics and Social Issues"
"ECON","318","Canadian Economic Policy and Institutions"
"ECON","319","International Economic Policy and Institutions"
"ECON","324","Economic Data Analysis"
"ECON","330","Economics in Practice"
"ECON","421","Econometrics I"
"ECON","422","Econometrics II"
"ECON","423","Applied Econometrics"
"ECON","521","Econometrics I"
"ECON","522","Econometrics II"
"ECON","523","Applied Econometrics"
"ECON","680","Econometric Theory I"
"ECON","681","Econometric Theory II"
"ECON","683","Applied Econometrics: Microeconometrics"
"ECON","695","Special Topics: Computational Economics"
"ECON","696","Research Methodology in Economics"
"ECON","806","Research Seminar"
"EDUC","264","Communication: Child, Parent and Teacher"
"EDUC","301","Integrating Computers into the Elementary Classroom"
"EDUC","302","Working in Childhood Settings: Leadership and Organizational Issues"
"EDUC","303","Children, Families and Social Policy"
"EDUC","304","Play in Childhood Settings"
"EDUC","307","Integrating Digital Technologies and Social Media in Learning Environments"
"EDUC","360","Introduction to Inclusive Practices"
"EDUC","361","Inclusive Practices in Early Childhood Settings"
"EDUC","362","Inclusive Practices for School-Aged Populations"
"EDUC","382","Teaching Science Concepts in the Elementary Classroom"
"EDUC","385","Teaching a Second Language in Early Childhood and Elementary School"
"EDUC","402","Diversity Issues in Childhood"
"EDUC","406","Physical Activity: Health and Well-being in Early Childhood Settings"
"EDUC","461","Child Studies Seminar: Early Childhood Settings"
"EDUC","463","Child Studies Seminar: Inclusive Practices in Childhood Settings"
"ELEC","273","Basic Circuit Analysis"
"ELEC","275","Principles of Electrical Engineering"
"ELEC","311","Electronics I"
"ELEC","312","Electronics II"
"ELEC","321","Introduction to Semiconductor Materials and Devices"
"ELEC","331","Fundamentals of Electrical Power Engineering"
"ELEC","342","Discrete-Time Signals and Systems"
"ELEC","367","Introduction to Digital Communications"
"ELEC","372","Fundamentals of Control Systems"
"ELEC","390","Electrical Engineering Product Design Project"
"ELEC","421","Solid State Devices"
"ELEC","422","Design of Integrated Circuit Components"
"ELEC","423","Introduction to Analog VLSI"
"ELEC","424","VLSI Process Technology"
"ELEC","425","Optical Devices for High-Speed Communications"
"ELEC","430","Electrical Power Equipment"
"ELEC","431","Electrical Power Systems"
"ELEC","432","Control of Electrical Power Conversion Systems"
"ELEC","433","Power Electronics"
"ELEC","434","Behaviour of Power Systems"
"ELEC","435","Electromechanical Energy Conversion Systems"
"ELEC","436","Protection of Power Systems"
"ELEC","438","Industrial Electrical Systems"
"ELEC","440","Controlled Electric Drives"
"ELEC","441","Modern Analog Filter Design"
"ELEC","442","Digital Signal Processing"
"ELEC","453","Microwave Engineering"
"ELEC","456","Antennas"
"ELEC","463","Telecommunication Network"
"ELEC","465","Networks Security and Management"
"ELEC","466","Introduction to Optical Communication Systems"
"ELEC","472","Advanced Telecommunication Network"
"ELEC","481","Linear Systems"
"ELEC","482","System Optimization"
"ELEC","483","Real-Time Computer Control Systems"
"ELEC","490","Capstone Electrical Engineering Design Project"
"ELEC","6041","Large-scale Control Systems"
"ELEC","6051","Introduction to Analog VLSI"
"ELEC","6061","Real-time Computer Control Systems"
"ELEC","6081","Modern Analog Filter Design"
"ELEC","6091","Discrete Event Systems"
"ELEC","6111","Detection and Estimation Theory"
"ELEC","6131","Error Detecting and Correcting Codes"
"ELEC","6141","Wireless Communications"
"ELEC","6151","Information Theory and Source Coding"
"ELEC","6171","Modelling and Analysis of Telecommunications Networks"
"ELEC","6181","Real-time and Multimedia Communication over Internet"
"ELEC","6221","Solid State Devices"
"ELEC","6231","Design of Integrated Circuit Components"
"ELEC","6241","VLSI Process Technology"
"ELEC","6251","Microtransducer Process Technology"
"ELEC","6261","Optical Devices for High-Speed Communications"
"ELEC","6271","Nanoscience and Nanotechnology: Opto-Electronic Devices"
"ELEC","6281","Principles of Solid State Nanodevices"
"ELEC","6301","Advanced Electromagnetics"
"ELEC","6311","Radiation and Scattering of Waves"
"ELEC","6341","Antennas"
"ELEC","6351","Modern Antenna Theory"
"ELEC","6361","Acoustics"
"ELEC","6371","Design of Wireless RF Systems"
"ELEC","6381","Techniques in Electromagnetic Compatibility"
"ELEC","6391","Microwave Engineering"
"ELEC","6411","Power Electronics I"
"ELEC","6421","Renewable Energy Systems"
"ELEC","6431","Advanced Electrical Machines and Drives"
"ELEC","6461","Power Electronics II"
"ELEC","6471","Hybrid Electric Vehicle Power System Design and Control"
"ELEC","6481","Computer-aided Analysis of Power Electronic Systems"
"ELEC","6491","Controlled Electric Drives"
"ELEC","6601","Digital Signal Processing"
"ELEC","6611","Digital Filters"
"ELEC","6621","Digital Waveform Compression"
"ELEC","6631","Video Processing and Compression"
"ELEC","6641","Two-dimensional Signal and Image Processing"
"ELEC","6651","Adaptive Signal Processing"
"ELEC","6661","Medical Image Processing"
"ELEC","6831","Digital Communications"
"ELEC","6841","Advanced Digital Communications"
"ELEC","6851","Telecommunications Networks"
"ELEC","6861","Higher Layer Telecommunications Protocols"
"ELEC","6871","Fiber-Optic Communication Systems and Networks"
"ELEC","6881","Fundamentals and Applications of MIMO Communications"
"ELEC","7151","Broadband Communications Networks"
"ELEC","7441","Design of Power Electronic Circuits"
"ELEC","7451","Power System Compensation"
"EMBA","610","Measuring and Reporting Financial Performance"
"EMBA","611","Managing Talent"
"EMBA","612","Marketing Management"
"EMBA","621","Information Technology and Analytics"
"EMBA","625","Global Experience"
"EMBA","630","Financial Decisions Under Uncertainty"
"EMBA","631","Management Control Systems"
"EMBA","632","Creativity and Innovation"
"EMBA","633","Applied Field Project I"
"EMBA","635","Starting a New Venture"
"EMBA","640","Leadership"
"EMBA","645","Applied Field Project II"
"EMBA","676","International Study Trip"
"EMBA","690","Management Consulting Project"
"ENCS","272","Argumentation and Composition for Engineers"
"ENCS","282","Technical Communication"
"ENCS","393","Impact of information and Communication Technologies on Society"
"ENCS","483","Innovation and Critical Thinking in Science and Technology (also listed as ENCS 6041)"
"ENCS","484","Development & Global Engineering (also listed as ENCS 6821)"
"ENCS","485","Rwanda Field School in Engineering and Sustainable Development"
"ENCS","5721","Argumentation and Composition for Engineers"
"ENCS","6041","Innovation and Critical Thinking in Science and Technology (also listed as ENCS 6041)"
"ENCS","6042","Communication for the Innovation Process"
"ENCS","6043","Seminar in Innovation Process"
"ENCS","6044","Practicum in Innovation"
"ENCS","6721","Technical Writing and Research Methods for Engineers and Computer Scientists"
"ENCS","6821","Development & Global Engineering (also listed as ENCS 6821)"
"ENCS","691","Technology Policy Immersion"
"ENCS","8511","Doctoral Research Proposal"
"ENGL","215","Editing II"
"ENGL","224","The Creative Process"
"ENGL","225","Introductory Creative Writing: Poetry"
"ENGL","226","Introductory Creative Writing: Prose Fiction"
"ENGL","227","Introductory Creative Writing: Playwriting"
"ENGL","342","Creative Writing: Prose Fiction"
"ENGL","347","Creative Non-Fiction Writing"
"ENGL","348","Creative Writing: Poetry"
"ENGL","384","Creative Writing: Playwriting"
"ENGL","396","Content Creation and Management in Professional Writing"
"ENGL","414","Literary Publishing and Editing"
"ENGL","415","Literary Production: Curating and Archiving the Literary Event"
"ENGL","416","The Solo Play"
"ENGL","417","Writing for Media"
"ENGL","428","Advanced Studies in Creative Writing"
"ENGL","429","Advanced Studies in Creative Writing"
"ENGL","470","Honours Seminar"
"ENGL","474","Honours Essay"
"ENGL","480","Independent Studies"
"ENGL","601","Literary Pedagogies"
"ENGL","636","Writing about/on/with/at/the contemporary circus: A seminar on Research-Creation, Creative process and Meaning-Making (intensive Faculty of Arts and Science international graduate seminar)"
"ENGL","637","Experiential learning in Contemporary Circus Practice and Physical Theatre: Methods in research-creation, action-research and participant observation (intensive Faculty of Arts and Science international graduate seminar)"
"ENGL","670","Seminar in Creative Writing: Prose Fiction, Poetry and Drama "
"ENGL","671","Seminar in Creative Writing: Prose Fiction, Poetry and Drama "
"ENGL","672","Seminar in Creative Writing: Prose Fiction, Poetry and Drama "
"ENGL","673","Seminar in Creative Writing: Prose Fiction, Poetry and Drama "
"ENGL","674","Seminar in Creative Writing: Prose Fiction, Poetry and Drama "
"ENGL","802","Professional Development Workshops"
"ENGR","107","Engineering Industrial Experience Work Term I"
"ENGR","108","Engineering Industrial Experience Reflective Learning I"
"ENGR","201","Professional Practice and Responsibility"
"ENGR","202","Sustainable Development and Environmental Stewardship"
"ENGR","207","Engineering Industrial Experience Work Term II"
"ENGR","208","Engineering Industrial Experience Reflective Learning II"
"ENGR","290","Introductory Engineering Team Design Project"
"ENGR","307","Engineering Industrial Experience Work Term III"
"ENGR","308","Engineering Industrial Experience Reflective Learning III"
"ENGR","392","Impact of Technology on Society"
"ENGR","412","Honours Research Project"
"ENGR","472","Robot Manipulators"
"ENGR","8901","Master of Applied Science Research and Thesis"
"ENGR","8911","Doctoral Research and Thesis"
"ENVS","608","Getting Ready for the EA Internship"
"ENVS","664","Field Course in EA"
"ESL","205","Academic Oral Communication I"
"ESL","206","Academic Oral Communication II"
"ESTU","670","Adult Education as a Field of Study"
"ETEC","613","Learning Theories"
"ETEC","637","Educational Gaming and Modeling"
"ETEC","650","Fundamentals of Instructional Design"
"ETEC","651","Fundamentals of Human Performance Technology"
"ETEC","665","Introduction to Digital Media"
"ETEC","669","Designing and Developing Interactive Instruction"
"ETEC","671","Administering Educational Technology Groups"
"ETEC","681","Foundations of Distance Education"
"EXCI","252","Introduction to Physical Activity, Health and Fitness"
"EXCI","253","Human Anatomy I: Musculoskeletal Anatomy"
"EXCI","254","Human Anatomy II: Systemic Anatomy"
"EXCI","258","Human Physiology I: Musculoskeletal, Neuromuscular and Bioenergetic Systems: From Rest to Exercise"
"EXCI","259","Human Physiology II: Cardiovascular and Respiratory Systems: From Rest to Exercise"
"EXCI","323","Research Experience in Exercise Science"
"EXCI","351","Introduction to the Biomechanics of Human Movement"
"EXCI","352","Essentials of Exercise Testing and Training in Athletic Populations"
"EXCI","357","Human Physiology II: The Cardiovascular and Respiratory Systems"
"EXCI","358","Physiology of Exercise"
"EXCI","455","Physical Activity, Health and Aging"
"FBRS","201","INTRO TO FBRS&MATERIAL PRACT"
"FBRS","201","Introduction to Fibres and Material Practices"
"FBRS","240","Fibre Structures I"
"FBRS","260","Textile Printing and Dyeing I"
"FBRS","341","Intermediate Fibre Structures"
"FBRS","361","Intermediate Textile Printing and Dyeing"
"FBRS","371","Paper: Surface and Object "
"FBRS","372","Paper Works"
"FBRS","385","Issues in Material Practices"
"FBRS","386","Digital Technologies and Material Practices "
"FBRS","395","Extreme Fibres"
"FBRS","396","Topics in Fibre Surfaces"
"FBRS","397","Topics in Fibre Structures"
"FBRS","398","Special Topics in Fibres and Material Practices"
"FBRS","399","Special Topics in Fibres and Material Practices"
"FBRS","450","Independent Study "
"FBRS","451","Independent Study I"
"FBRS","451","INDEPENDENT STUDY I"
"FBRS","452","Independent Study II "
"FBRS","480","Advanced Fibres"
"FBRS","481","Professional Internship I"
"FBRS","482","Professional Internship II"
"FINA","385","Theory of Finance I"
"FINA","395","Theory of Finance II"
"FINA","402","Short Term Financial Management"
"FINA","405","Cases in Finance"
"FINA","408","Building and Testing Trading Systems Using Technical Analysis"
"FINA","409","Applied Investment Analysis"
"FINA","410","Investment Analysis"
"FINA","411","Portfolio Management"
"FINA","413","Advanced Topics in Derivative Markets"
"FINA","415","Mergers and Acquisitions"
"FINA","416","Behavioral Finance"
"FINA","465","Trading in Financial Securities"
"FINA","470","International Finance"
"FINA","471","International Financial Management"
"FINA","481","Management of Financial Institutions"
"FINA","482","International Banking: Operations, Policy and Strategy"
"FINA","663","Seminar in Corporate Finance"
"FINA","695","Applied Investments: Business Analysis and Valuation"
"FLIT","454","Histoire du livre et de l’édition"
"FLIT","486","Création littéraire I"
"FLIT","488","Création littéraire II"
"FLIT","496","Recherche dirigée"
"FLIT","498","Étude d’un sujet particulier"
"FLIT","690","Présentation du mémoire"
"FLIT","691","Présentation du mémoire incluant une réalisation médiatique"
"FLIT","692","Mémoire"
"FLIT","693","Mémoire incluant une réalisation médiatique"
"FMAN","203","INTRO. TO ANIMATION I"
"FMPR","451","ADV. PROJECT INTERNSHIP I"
"FMST","201","FILM HISTORY I"
"FMST","202","FILM HISTORY II"
"FMST","203","FILM HISTORY III"
"FMST","204","APPROACHES TO FILM STUDIES I"
"FPST","297","Proseminar 1: Indigenous Ways of Knowing"
"FPST","397","Proseminar 2: Ethics and First Peoples"
"FPST","497","Proseminar 3: Oral Traditions as Methodology"
"FRAA","413","Rédaction "
"FRAA","419","Le français en Amérique du Nord, histoire et destins"
"FRAA","423","Rédaction avancée"
"FRAA","491","Tutorat en langue ou linguistique"
"FRAA","492","Tutorat en langue ou linguistique"
"FRAA","498","Étude avancée d’un sujet particulier"
"FRAA","523","Rédaction avancée"
"FRAA","598","Étude avancée d’un sujet particulier"
"FRAA","623","Rédaction avancée"
"FRAN","211","French Language: Elementary"
"FRAN","212","French Language: Transitional Level"
"FRAN","318","Le français des affaires "
"FRAN","318","Le français des affaires I"
"FRAN","319","Le français des affaires II"
"FTRA","301","Traduction littéraire du français à l’anglais"
"FTRA","304","Traduction littéraire de l’anglais au français"
"FTRA","401","Traduction littéraire avancée : du français à l’anglais"
"FTRA","402","Traduction littéraire avancée : de l’anglais au français"
"FTRA","411","Terminologie et mondialisation"
"FTRA","416","Informatique et traduction"
"FTRA","418","Web, technologies, traduction : théories et critiques"
"FTRA","438","Initiation au sous-titrage"
"FTRA","452","Traduction automatique (TA) et traduction assistée par ordinateur (TAO)"
"FTRA","455","Gestion de projets"
"FTRA","492","Tutorat en traduction"
"FTRA","498","Étude avancée d’un sujet particulier"
"FTRA","499","Étude avancée d’un sujet particulier"
"FTRA","527","Travaux dirigés (A)"
"FTRA","528","Travaux dirigés (F)"
"FTRA","534","Terminologie et mondialisation"
"FTRA","538","Initiation au sous-titrage

Co-listé : FTRA 538"
"FTRA","555","Gestion de projets"
"FTRA","556","Programmation en localisation"
"FTRA","558","Pratique de la localisation"
"FTRA","598","Étude avancée d’un sujet particulier"
"FTRA","598","Étude avancée d’un sujet particulier / Special Topics"
"FTRA","612","Traduction avancée en sciences humaines et sociales Co-listé : FTRA 542 ou FTRA 543"
"FTRA","613","Advanced translation in social sciences and the humanities Co-listé : FTRA 542 ou FTRA 543"
"FTRA","614","Traduction littéraire avancée

Co-listé : FTRA 544 ou 545"
"FTRA","615","Advanced literary translation Co-listé : FTRA 544 ou 545"
"FTRA","631","Initiation à la traduction générale Co-listé : FTRA 531"
"FTRA","632","Initiation à la traduction générale Co-listé : FTRA 532"
"FTRA","633","Aspects théoriques et pratiques de la terminologie Co-listé : FTRA 533"
"FTRA","634","Traduction littéraire de l’anglais au français Co-listé : FTRA 504"
"FTRA","635","Traduction littéraire du français à l’anglais Co-listé : FTRA 501"
"FTRA","636","Informatique et traduction Co-listé : FTRA 536"
"FTRA","638","Initiation au sous-titrage

Co-listé : FTRA 538"
"FTRA","652","Traduction assistée par ordinateur (TAO) et post édition Co-listé : FTRA 552"
"FTRA","655","Gestion de projets Co-listé : FTRA 555"
"FTRA","658","Pratique de la localisation Co-listé : FTRA 558"
"FTRA","668","Web, technologies, traduction : théories et critiques"
"FTRA","680","Tutorat en littérature"
"FTRA","681","Tutorial in literature"
"FTRA","682","Tutorat en traduction"
"FTRA","683","Tutorial in translation"
"FTRA","684","Tutorat en linguistique"
"FTRA","685","Tutorial in linguistics"
"FTRA","686","Projet de mémoire"
"FTRA","698","Étude d’un sujet particulier / Special Topics"
"GEOG","210","Geography of Global Change"
"GEOG","260","Mapping the Environment"
"GEOG","264","Programming for Environmental Sciences"
"GEOG","301","The Sustainable University Campus"
"GEOG","323","Urban Agriculture"
"GEOG","361","Research Design and Qualitative Methods"
"GEOG","362","Statistical Methods"
"GEOG","363","Geographic Information Systems"
"GEOG","371","Landscape Ecology"
"GEOG","374","Plant Ecology"
"GEOG","377","Landform Evolution"
"GEOG","463","Advanced Geographic Information Systems"
"GEOG","464","Programming for Geospatial Technologies"
"GEOG","465","Remote Sensing"
"GEOG","466","Geomedia and the Geoweb"
"GEOG","467","Environmental Modelling"
"GEOG","474","Sustainable Forest Management"
"GEOG","490","Internship in Geography"
"GEOL","210","Introduction to the Earth"
"GEOL","216","Field Methods"
"GEOL","302","Palaeobiology"
"GEOL","331","Evolution of the Earth"
"GEOL","415","Plate Tectonics and Crustal Evolution"
"GERM","200","Introductory German: Intensive"
"GERM","201","Introductory German I"
"GERM","202","Introductory German II"
"GERM","240","Intermediate German: Intensive Course "
"GIIM","637","Strategic Management"
"GIIM","655","Socially Responsible & Sustainable Investment"
"HENV","655","Environmental Modelling"
"HENV","801","Pedagogical Training"
"HENV","802","Experiential Learning"
"HEXS","801","Scientific Communication and Pedagogy in Health and Exercise Science"
"HIST","200","Introduction to History"
"HIST","281","Film in History"
"HIST","306","History and the Public"
"HIST","307","History of Montreal"
"HIST","329","Music in History"
"HIST","338","History and the Graphic Novel"
"HIST","368","African Popular Culture"
"HIST","379","History Through Visual Media and Material Culture"
"HIST","380","History and Digital Media"
"HIST","381","The Politics of the Past"
"HIST","387","Selected Topics in Public History"
"HIST","388","Telling Stories: Oral History, Memoryscapes, and Digital Storytelling"
"HIST","390","Urban History Laboratory"
"HIST","397","History and Sound"
"HIST","403","Methodology and History"
"HIST","481","Advanced Topics in Public History"
"HIST","485","Public History Workshop"
"HIST","486","Public History Internship"
"HIST","493","Honours Essay Tutorial"
"HIST","498","Critical Museology (also listed as HIST 670)"
"HIST","498","Edible Environments: In and Beyond Montreal (also listed as HIST 670)"
"HIST","685","Master’s Thesis"
"HIST","889","Doctoral Seminar"
"HIST","890","Thesis Research"
"IADI","301","Undergraduate Aerospace Industry Project I"
"IADI","401","Undergraduate Aerospace Industry Project II"
"IMCA","201","Introduction to Intermedia Arts"
"IMCA","210","Introduction to Video Production"
"IMCA","220","Introduction to Digital Media and Electronic Arts"
"IMCA","221","Programming for Artists"
"IMCA","222","Electronics for Artists"
"IMCA","230","Performance Art"
"IMCA","310","Intermediate Video Production"
"IMCA","321","Electronic Arts Workshop"
"IMCA","322","Robotics for Artists"
"IMCA","331","Intermedia and Interventionist Performance Practices"
"IMCA","332","Intermedia, Performance Practices and Performative Video"
"IMCA","398","Special Topics in Intermedia"
"IMCA","399","Special Topics in Intermedia"
"IMCA","400","Advanced Practices in Video, Performance and Electronic Arts "
"IMCA","470","Independent Study in Intermedia"
"IMCA","471","Independent Study in Intermedia I"
"IMCA","472","Independent Study in Intermedia II "
"IMCA","480","Professional Internship in Intermedia"
"IMCA","481","Professional Internship in Intermedia I"
"IMCA","482","Professional Internship in Intermedia II"
"IMCA","498","Special Topics in Intermedia "
"IMCA","499","Special Topics in Intermedia"
"INDU","311","Simulation of Industrial Systems"
"INDU","323","Operations Research I"
"INDU","324","Operations Research II"
"INDU","410","Safety Engineering"
"INDU","411","Computer Integrated Manufacturing"
"INDU","412","Human Factors Engineering"
"INDU","421","Facilities Design and Material Handling Systems"
"INDU","423","Inventory Control"
"INDU","480","Cases in Industrial Engineering"
"INDU","490","Capstone Industrial Engineering Design Project"
"INDU","6111","Theory of Operations Research"
"INDU","6121","Advanced Operations Research"
"INDU","6131","Graph Theory with System Applications"
"INDU","6141","Logistics Network Models"
"INDU","6151","Decision Models in Service Sector"
"INDU","6211","Production Systems and Inventory Control"
"INDU","6221","Lean Enterprise"
"INDU","6231","Scheduling Theory"
"INDU","6241","Lean Manufacturing"
"INDU","6311","Discrete System Simulation"
"INDU","6321","Introduction to Six Sigma"
"INDU","6331","Advanced Quality Control"
"INDU","6341","Advanced Concepts in Quality Improvement"
"INDU","6351","System Reliability"
"INDU","6361","Discrete Optimization"
"INDU","6411","Human Factors Engineering"
"INDU","6421","Occupational Safety Engineering"
"INSE","6100","Advanced Java Platforms"
"INSE","6110","Foundations of Cryptography"
"INSE","6120","Crypto-Protocol and Network Security"
"INSE","6130","Operating Systems Security"
"INSE","6140","Malware Defenses and Application Security"
"INSE","6150","Security Evaluation Methodologies"
"INSE","6160","Database Security and Privacy"
"INSE","6170","Network Security Architecture and Management"
"INSE","6180","Security and Privacy Implications of Data Mining"
"INSE","6190","Wireless Network Security"
"INSE","6210","Total Quality Methodologies in Engineering"
"INSE","6220","Advanced Statistical Approaches to Quality"
"INSE","6230","Total Quality Project Management"
"INSE","6240","Executive Communication"
"INSE","6250","Quality Methodologies for Software"
"INSE","6260","Software Quality Assurance"
"INSE","6270","Quality-Based System Engineering"
"INSE","6280","Quality Assurance for System Engineering"
"INSE","6290","Quality in Supply Chain Design"
"INSE","6300","Quality Assurance in Supply Chain Management"
"INSE","6310","Systems Engineering Maintenance Management"
"INSE","6311","Sustainable Infrastructure Planning and Management Systems"
"INSE","6320","Risk Analysis for Information and Systems Engineering"
"INSE","6400","Principles of Systems Engineering"
"INSE","6411","Product Design Theory and Methodology"
"INSE","6421","Systems Integration and Testing"
"INSE","6431","Ad Hoc Wireless Networks: Architectures and Protocols"
"INSE","6441","Applied Game Theory and Mechanism Design"
"INSE","6510","Video Game Technology and Development"
"INSE","6530","3D Graphics and Computer Animation for Game Design"
"INSE","6610","Cybercrime Investigations"
"INSE","6630","Recent Developments in Information Systems Security"
"INSE","6640","Smart Grids and Control System Security"
"INSE","6650","Trusted Computing"
"INSE","6660","Secure programsming"
"INSE","6670","Embedded Systems Security"
"INSE","6680","Systems Physical Security"
"INSE","7100","Design and Analysis of Security Protocols"
"INSE","7110","Value Added Service Engineering in Next Generation Networks"
"INSE","7120","Advanced Network Management"
"INSE","8901","Master of Applied Science Research and Thesis"
"IRST","299","Selected Topics: Introduction to Spoken Irish"
"IRST","300","Research Methods in Irish Studies"
"IRST","344","Classics of Irish Theatre"
"IRST","346","Irish Performance Studies"
"IRST","347","Contemporary Irish Theatre"
"IRST","390","Field Studies in Ireland"
"ITAL","200","Introductory Italian: Intensive"
"ITAL","201","Introductory Italian I"
"ITAL","202","Introductory Italian II"
"ITAL","240","Intermediate Italian: Intensive Course "
"JAZZ","481","Supervised Internship I"
"JAZZ","482","Supervised Internship II"
"JOUR","206","Introduction to Reporting"
"JOUR","207","Introduction to Multimedia"
"JOUR","208","Intermediate Reporting"
"JOUR","209","Intermediate Multimedia"
"JOUR","303","Feature Writing"
"JOUR","309","Editing and Page Design"
"JOUR","321","Visual Journalism"
"JOUR","325","Social Media and Mobile Reporting"
"JOUR","330","Radio Newsroom"
"JOUR","402","Specialist Reporting"
"JOUR","404","Magazine Writing"
"JOUR","421","Advanced Video Journalism"
"JOUR","432","Documentary Video and Radio"
"JOUR","443","The Digital Magazine"
"JOUR","445","Advanced Photojournalism"
"JOUR","450","Journalism Practicum"
"JOUR","502","Introduction to Reporting"
"JOUR","503","Introduction to Visual Journalism"
"JOUR","504","Intermediate Reporting"
"JOUR","505","Advanced Reporting"
"JOUR","507","Basics of Digital Imaging"
"JOUR","521","Visual Story-Telling"
"JOUR","523","News and Feature Photography"
"JOUR","527","Elements of Lighting for Visual Journalism"
"JOUR","528","The Digital Magazine"
"JOUR","530","Advanced Radio News"
"JOUR","531","Visual Journalism Photo Editing"
"JOUR","532","Documentary Video and Radio"
"JOUR","535","Documentary and Photographic Series"
"JOUR","537","Visual Journalism Portfolio"
"JOUR","605","Digital Innovation in Journalism"
"JOUR","630","Mediating Diversity through Audio Story-telling"
"JPER","223","Big Band I"
"JPER","224","Eclectic Ensemble I"
"JPER","225","Jazz Choir"
"JPER","323","Big Band II"
"JPER","324","Eclectic Ensemble II"
"JPER","325","Jazz Choir II"
"JPER","341","Jazz Vocal Repertoire I"
"JPER","423","Big Band III"
"JPER","424","Eclectic Ensemble III"
"JPER","425","Jazz Choir III"
"JPER","441","Jazz Vocal Repertoire II"
"JPER","451","JAZZ PRIVATE STUDY V"
"KCEP","349","Assessment, Interpretation, and Rehabilitation in Neuromuscular Physiology"
"KCEP","383","Kinesiology and Clinical Exercise Physiology Internship I"
"KCEP","449","Physical Fitness Assessment, Exercise Prescription and Rehabilitation in Special Populations"
"KCEP","483","Kinesiology and Clinical Exercise Physiology Internship II"
"LBCL","295","History of Art"
"LIBS","495","Field Practice"
"LING","372","Descriptive and Instrumental Phonetics"
"LING","421","Non-Indo-European Structures"
"LING","472","Advanced Phonetics  "
"LING","490","Honours Thesis"
"LOYC","205","Introduction to Sustainability Studies (also listed as BIOL 205)"
"LOYC","240","Global Environmental Issues and Ecological Justice (also listed as POLI 208)"
"LOYC","298","Ecocide and Dystopias"
"LOYC","320","Biodiversity on Earth"
"LOYC","420","Integrative Project"
"MACF","401","Mathematical and Computational Finance I "
"MACF","402","Mathematical and Computational Finance I "
"MANA","300","Entrepreneurship: Launching Your Business"
"MANA","343","Negotiation and Conflict Resolution"
"MANA","362","Human Resource Management "
"MANA","366","Industrial Relations and Collective Bargaining"
"MANA","420","Management Research for Decision Making"
"MANA","443","Compensation and Benefits"
"MANA","444","Training and Development"
"MANA","446","Workplace Planning and Staffing"
"MANA","447","Leadership and Motivation"
"MANA","481","Introduction to Management Consulting"
"MANA","668","Sustainable Business Strategy"
"MANA","684","Entrepreneurship through Acquisition"
"MARA","200","Introduction to Modern Standard Arabic I      "
"MARA","203","Modern Standard Arabic for Heritage Speakers I "
"MARA","206","Introduction to Modern Standard Arabic II"
"MARA","207","Modern Standard Arabic for Heritage Speakers II "
"MARA","240","Intermediate Modern Standard Arabic I      "
"MARA","250","Intermediate Modern Standard Arabic I      "
"MARK","301","Marketing Management II"
"MARK","305","Consumer Behaviour"
"MARK","444","Sports Marketing"
"MARK","451","Marketing of Services"
"MARK","452","E-Marketing"
"MARK","453","Marketing Communications"
"MARK","454","Personal Selling"
"MARK","457","Marketing Channels"
"MARK","458","The Marketing of Food"
"MARK","462","Environment of World Business"
"MARK","463","Retailing"
"MARK","465","International Marketing Management"
"MARK","485","Business to Business Marketing"
"MARK","486","Product Innovation and Strategy"
"MARK","491","Brand Management (Seminar)"
"MARK","492","Cross-Cultural Communications"
"MARK","493","Current Issues in Marketing"
"MARK","495","Strategic Marketing Planning"
"MARK","671","Consumer Behaviour"
"MAST","232","Mathematics with Computer Algebra"
"MAST","324","Introduction to Optimization"
"MAST","333","Applied Statistics"
"MAST","397","Topics in Mathematics and Statistics (Topic in 2021 - Sports Analytics)"
"MAST","677","Time Series"
"MATH","387","Mathematics Lab III"
"MBA","642","Financial Reporting for Responsible Decision Making"
"MBA","644","Marketing Management"
"MBA","645","Economics for Organizational Decision Making"
"MBA","647","Managing People in Organizations"
"MBA","649","Strategic Managerial Accounting and Control"
"MBA","650","Crafting and Implementing Successful Strategies"
"MBA","654","MBA Research Projects"
"MBA","657","International Case Competition - Executive Assistant"
"MBA","658","Van Berkon Case Competition - Executive Assistant"
"MBA","659","Strategies in Action (Case Competition)"
"MBA","660","Small Business Consulting Bureau"
"MBA","662","MBA Surgical Innovation II"
"MBA","663","District 3 Start Up Consulting"
"MBA","695","Seminar in Special Topics"
"MCHI","200","Introductory Modern Chinese "
"MCHI","206","Introduction to Modern Chinese II "
"MCHI","240","Intermediate Modern Chinese I "
"MCHI","250","Intermediate Modern Chinese II"
"MECH","211","Mechanical Engineering Drawing"
"MECH","215","Programming for Mechanical and Industrial Engineers"
"MECH","311","Manufacturing Processes"
"MECH","321","Properties and Failure of Materials"
"MECH","343","Theory of Machines"
"MECH","351","Thermodynamics II"
"MECH","352","Heat Transfer I"
"MECH","361","Fluid Mechanics II"
"MECH","368","Electronics for Mechanical Engineers"
"MECH","370","Modelling and Analysis of Dynamic Systems"
"MECH","371","Analysis and Design of Control Systems"
"MECH","375","Mechanical Vibrations"
"MECH","390","Mechanical Engineering Design Project"
"MECH","411","Instrumentation and Measurements"
"MECH","412","Computer-Aided Mechanical Design"
"MECH","414","Computer Numerically Controlled Machining"
"MECH","421","Mechanical Shaping of Metals and Plastics"
"MECH","423","Casting, Welding, Heat Treating, and Non-Destructive Testing"
"MECH","424","MEMS - Design and Fabrication"
"MECH","425","Manufacturing of Composites"
"MECH","447","Fundamentals of Vehicle System Design"
"MECH","452","Heat Transfer II"
"MECH","460","Finite Element Analysis"
"MECH","461","Gas Dynamics"
"MECH","463","Fluid Power Control"
"MECH","471","Microcontrollers for Mechatronics"
"MECH","472","Mechatronics and Automation"
"MECH","473","Control System Design"
"MECH","474","Mechatronics"
"MECH","490A","Capstone Mechanical Engineering Design Project (also listed as MECH 490B, MECH490C)"
"MECH","6011","Analysis and Design of Pneumatic Systems"
"MECH","6021","Design of Industrial Control Systems"
"MECH","6041","Virtual Systems Engineering"
"MECH","6051","Process Dynamics and Control"
"MECH","6061","Analysis and Design of Hydraulic Control Systems"
"MECH","6081","Fuel Control Systems for Combustion Engines"
"MECH","6091","Flight Control Systems"
"MECH","6101","Kinetic Theory of Gases"
"MECH","6111","Gas Dynamics"
"MECH","6121","Aerodynamics"
"MECH","6131","Conduction and Radiation Heat Transfer"
"MECH","6141","Heat Exchanger Design"
"MECH","6161","Gas Turbine Design"
"MECH","6171","Turbomachinery and Propulsion"
"MECH","6181","Heating, Air Conditioning and Ventilation"
"MECH","6191","Combustion"
"MECH","6231","Helicopter Flight Dynamics"
"MECH","6241","Operational Performance of Aircraft"
"MECH","6251","Space Flight Mechanics and Propulsion Systems"
"MECH","6301","Vibration Problems in Rotating Machinery"
"MECH","6311","Noise and Vibration Control"
"MECH","6321","Optimum Design of Mechanical Systems"
"MECH","6341","Engineering Analysis of Smart Materials and Structures"
"MECH","6351","Modal Analysis of Mechanical Systems"
"MECH","6361","Mechanics of Biological Tissues"
"MECH","6421","Metal Machining and Surface Technology"
"MECH","6431","Introduction to Tribology (Wear, Friction and Lubrication)"
"MECH","6441","Stress Analysis in Mechanical Design"
"MECH","6451","Computer-Aided Mechanical Design"
"MECH","6481","Aeroelasticity"
"MECH","6491","Engineering Metrology and Measurement Systems"
"MECH","6501","Advanced Materials"
"MECH","6511","Mechanical Forming of Metals"
"MECH","6521","Manufacturing of Composites"
"MECH","6531","Casting"
"MECH","6541","Joining Processes and Nondestructive Testing"
"MECH","6551","Fracture"
"MECH","6561","High Strength Materials"
"MECH","6571","Corrosion and Oxidation of Metals"
"MECH","6581","Mechanical Behaviour of Polymer Composite Materials"
"MECH","6601","Testing and Evaluation of Polymer Composite Materials and Structures"
"MECH","6611","Numerically Controlled Machines"
"MECH","6621","Microprocessors and Applications"
"MECH","6631","Industrial Automation"
"MECH","6641","Engineering Fracture Mechanics and Fatigue"
"MECH","6651","Structural Composite"
"MECH","6661","Thermodynamics and Phase Equilibria of Materials"
"MECH","6671","Finite Element Method in Machine Design"
"MECH","6681","Dynamics and Control of Nonholonomic Systems"
"MECH","6691","Optical Microsystems"
"MECH","6741","Mechatronics"
"MECH","6751","Vehicle Dynamics"
"MECH","6761","Vehicular Internal Combustion Engines"
"MECH","6771","Driverless Ground Vehicles"
"MECH","6781","Guided Vehicle Systems"
"MECH","7011","Dynamics of Hydraulic Control Systems"
"MECH","7101","Convection Heat Transfer"
"MECH","7501","Design Using Composite Materials"
"MECH","7511","Vehicle Vibration and Control"
"MECH","7711","Handling and Stability of Road Vehicles"
"MHIS","203","MUSIC HISTORY TO 1800"
"MPER","231","Choir I"
"MPER","321","Chamber Ensemble I"
"MPER","322","Chamber Ensemble II"
"MPER","332","Choir II"
"MPER","421","Chamber Ensemble III"
"MPER","422","Chamber Ensemble IV"
"MPER","451","PRIVATE STUDY V"
"MSCA","602","Applied Linear Statistical Models"
"MSCA","611","Research Methodology"
"MSCA","625","Seminar in Options and Futures"
"MSCA","632","Seminar in Special Topics in Finance"
"MSCA","654","Seminar in Consulting"
"MUSI","201","INTRODUCTION TO MUSIC FUNDAMEN"
"MUSI","481","Supervised Internship I"
"MUSI","482","Supervised Internship II"
"PERC","209","The Engaged Theatre Artist"
"PERC","210","Performance Creation Studio 1: Theory and Method"
"PERC","211","Theatre in the City"
"PERC","212","Introduction to Dramaturgy"
"PERC","298","Special Topics in Performance Creation"
"PERC","311","Directing 1"
"PERC","318","Playwriting 1"
"PERC","321","Introduction to Performance Studies"
"PERC","322","Gender and Sexuality in Performance"
"PERC","324","Queer Theatre and Performance"
"PERC","351","Community Arts: The Art of Engagement"
"PERC","356","Puppetry and Performing Object Workshop"
"PERC","384","Performance Creation Studio 11: Collaborative Practice"
"PERC","386","Site-specific Performance Practice"
"PERC","398","Special Topics in Performance Creation"
"PERC","399","Special Topics in Performance Creation"
"PERC","405","Independent Study I"
"PERC","408","Supervised Internship I"
"PERC","409","Supervised Internship II"
"PERC","415","Independent Study II"
"PERC","421","Socially Engaged and Cctivist  Performance"
"PERC","422","Indigenous Story Telling"
"PERC","462","Playwriting II"
"PERC","464","Oral History performance"
"PERC","471","Directing II"
"PERC","488","Short Works Festival"
"PERC","490","Performance Creation Mainstage"
"PERC","496","Performance Creation Field School"
"PERC","498","Special Topics in Performance Creation"
"PERC","499","Special Topics in Performance Creation"
"PERFORM","Centre","PERFORM Centre observation"
"PHIL","214","Deductive Logic"
"PHIL","220","Introduction to the Philosophy of Science"
"PHIL","232","Introduction to Ethics"
"PHIL","260","Presocratics and Plato"
"PHIL","261","Aristotle and Hellenistic Philosophy"
"PHIL","263","Introduction to Epistemology"
"PHIL","265","Introduction to Metaphysics"
"PHIL","495","Honours Essay"
"PHIL","496","Tutorial in Philosophy"
"PHIL","497","Tutorial in Philosophy"
"PHOT","201","INTRO TO COLOUR PHOTOGRAPHY"
"PHOT","201","Introduction to Colour Photography"
"PHOT","210","Foundations in Photographic Vision Theory and Practice I"
"PHOT","211","Black‑and‑White Photography I"
"PHOT","221","Colour Photography I"
"PHOT","300","Photographic Vision: Theory and Practice II"
"PHOT","301","Black‑and‑White II Fine Art Printing"
"PHOT","311","Large Format Photography I"
"PHOT","312","Large Format Photography II"
"PHOT","322","Colour Photography II"
"PHOT","331","Digital Photography I"
"PHOT","332","Digital Photography II"
"PHOT","398","Special Topics in Photography"
"PHOT","399","Special Topics in Photography"
"PHOT","400","Advanced Workshop in Photography"
"PHOT","470","Professional Internship"
"PHOT","471","Professional Internship I"
"PHOT","472","Professional Internship II"
"PHOT","480","Independent Study"
"PHOT","481","Independent Study I "
"PHOT","482","Independent Study II"
"PHOT","498","Special Topics in Photography"
"PHOT","499","Special Topics in Photography"
"PHYS","224","Introductory Experimental Mechanics"
"PHYS","225","Introductory Experimental Electricity"
"PHYS","226","Introductory Experimental Waves and Modern Physics"
"PHYS","230","Experimental Physics I"
"PHYS","236","Numerical Methods in Physics with Python"
"PHYS","289","Honours Research Experience I"
"PHYS","295","Experimental Electronics I"
"PHYS","330","Experimental Physics II"
"PHYS","389","Honours Research Experience II"
"PHYS","390","Electronics"
"PHYS","440","Computational Methods in Physics with Python"
"PHYS","496","Honours Research Project (6 cr)"
"PHYS","497","Specialization Research Project (3 cr)"
"PHYS","637","Condensed Matter Physics II"
"PHYS","660","Chemical Aspects of Biophysics"
"PHYS","663","Quantitative Human Systems Physiology"
"PHYS","665","Principles of Medical Imaging"
"PHYS","679*","Computational Methods in Physics with Python"
"PHYS","760","MSc Seminar on Selected Topics"
"PHYS","862","Doctoral Seminar on Selected Topics II"
"POLI","205","Introduction to International Relations"
"POLI","214","Human Rights: An Overview"
"POLI","300","Not‑for‑Profit Organizations and the Law"
"POLI","315","International Organizations"
"POLI","328","Public Policy and the Politics of Equality"
"POLI","392","Approaches to Social Science Inquiry"
"POLI","393"," Quantitative Research Methods "
"POLI","397","Internship"
"POLI","419","Strategic Studies"
"POLI","480","Workshops on Social Science Research Methods"
"POLI","487","Advanced Seminar in Comparative Politics"
"POLI","495","Honours Thesis"
"POLI","644","Research Methods"
"POLI","683","Mechanics of Briefing Notes"
"POLI","683","Minding the Gap"
"POLI","683","Professional Development"
"POLI","687/812","IPSA-Concordia Summer School in Applied Diplomacy"
"POLI","693","Internship"
"PRIN","211","Intaglio I "
"PRIN","221","Lithography I"
"PRIN","231","Screen Printing I"
"PRIN","241","Processes in Digital Print Media I"
"PRIN","271","Contemporary Print Processes I "
"PRIN","291","Contemporary Relief and Woodcut I"
"PRIN","311","Intaglio II"
"PRIN","321","Lithography II"
"PRIN","331","Screen Printing II"
"PRIN","341","Processes in Digital Print Media II"
"PRIN","365","The Artist’s Book as Object "
"PRIN","366","Aspects of the Artist Book"
"PRIN","371","Contemporary Print Processes II"
"PRIN","381","Aspects of Print Media"
"PRIN","391","Contemporary Relief and Woodcut II"
"PRIN","398","Special Topics in Print Media"
"PRIN","399","Special Topics in Print Media"
"PRIN","411","Intaglio III "
"PRIN","421","Lithography III "
"PRIN","431","Screen Printing III"
"PRIN","441","Advanced Processes in Digital Print Media III"
"PRIN","451","Advanced Projects in Print Media I"
"PRIN","452","Advanced Projects in Print Media II"
"PRIN","470","Independent Study in Print Media "
"PRIN","471","Independent Study in Print Media I"
"PRIN","472","Independent Study in Print Media II"
"PRIN","481","Professional Internship"
"PRIN","498","Special Topics in Print Media"
"PRIN","499","Special Topics in Print Media "
"PSYC","311","Research Methods and Designs II"
"PSYC","315","Statistical Analysis I"
"PSYC","316","Statistical Analysis II"
"PSYC","387","Directed Research in Psychology"
"PSYC","485","Specialization Project"
"PSYC","487","Advanced Directed Research in Psychology"
"PSYC","495","Honours Thesis"
"PSYC","601","Statistical Analysis and Experimental Design"
"PSYC","705","APC Practicum I"
"PSYC","706","Assessment Practicum I"
"PSYC","707","Assessment Practicum II"
"PSYC","708","APC Practicum II: General"
"PSYC","709","APC Practicum II: Adult"
"PSYC","710","APC Practicum II: Child"
"PSYC","711","Extramural Practicum I: General"
"PSYC","712","Extramural Practicum I: Adult"
"PSYC","713","Extramural Practicum I: Child"
"PSYC","823","APC Practicum III: General"
"PSYC","823","Multivariate Statistics"
"PSYC","824","APC Practicum III: Adult"
"PSYC","825","APC Practicum III: Child"
"PSYC","826","APC Practicum IV: General"
"PSYC","827","APC Practicum IV: Adult"
"PSYC","828","APC Practicum IV: Child"
"PSYC","838","Extramural Practicum II: General"
"PSYC","839","Extramural Practicum II: Adult"
"PSYC","840","Extramural Practicum II: Child"
"PSYC","841","Extramural Practicum III: General"
"PSYC","842","Extramural Practicum III: Adult"
"PSYC","843","Extramural Practicum III: Child"
"PSYC","850","Practicum in Experimental Techniques"
"PSYC","851","Teaching of Laboratory Techniques"
"PTNG","200","Painting I"
"PTNG","201","Introduction to Painting"
"PTNG","298","Special Topics in Painting"
"PTNG","299","Special Topics in Painting "
"PTNG","300","Painting II"
"PTNG","310","Painting and Popular Culture I"
"PTNG","312","Body, Representation and Information I "
"PTNG","314","Life in the Round: Painting the Figure from Observation I"
"PTNG","316","Abstract Painting I"
"PTNG","320","Studio/Seminar in Painting and Drawing"
"PTNG","398","Special Topics in Painting"
"PTNG","399","Special Topics in Painting"
"PTNG","400","Painting III"
"PTNG","410","Painting and Popular Culture II"
"PTNG","412","Body, Representation and Information II "
"PTNG","414","Life in the Round: Painting the Figure from Observation II"
"PTNG","416","Abstract Painting II"
"PTNG","418","Between the Wall and the Viewer"
"PTNG","420","Seminar/Workshop in Painting"
"PTNG","430","Women and Painting"
"PTNG","440","Collage"
"PTNG","450","Painting IV"
"PTNG","460","Materials and Methods of the Artist"
"PTNG","470","Independent Study"
"PTNG","471","Independent Study I"
"PTNG","472","Independent Study II"
"PTNG","498","Special Topics in Painting"
"PTNG","499","Special Topics in Painting"
"RELI","210","Religion in Practice"
"RELI","214","Religions of the West"
"RELI","215","Religions of Asia"
"RELI","220","Introduction to Judaism"
"RELI","223","Introduction to Christianity"
"RELI","224","Introduction to Hinduism"
"RELI","312","Justice and Social Conflict in a Globalized World"
"RELI","313","Zoroastrianism"
"RELI","318","Shiite Islam"
"RELI","378","Death and Dying"
"RELI","387","Goddesses and Religious Images of Women"
"RELI","390","Angels and Demons in Judaism"
"RELI","392","Women in Jewish History: Modern"
"RELI","396","Food and Religion"
"RELI","409","Methodology and the Study of Religion"
"RELI","6007","Religion, Politics, Heritage"
"RELI","6008","Community Engagement"
"RELI","6018","Jewish Community Engagement"
"SCEN","327","Hair and Make up Design"
"SCEN","347","Exhibition Scenography"
"SCEN","411","Urban Scenographies"
"SCEN","412","Art Direction"
"SCEN","448","Design Field School"
"SCOL","290","Directed and Independent Study I"
"SCOL","391","Directed and Independent Study II"
"SCOL","490","Directed and Independent Study III"
"SCOM","374","Supply Chain Logistics"
"SCOM","492","Supply Chain Simulation"
"SCOM","498","Supply Chain Project"
"SCPA","301","Social Debates and Issues in Public Affairs and Public Policy"
"SCPA","352","Community and Local Activism"
"SCPA","411","Internship"
"SCPA","412","Senior Research Seminar"
"SCPA","482","Field Project in Immigration, Migration and Diversity"
"SCPA","509","Financing CED Initiatives: Part II"
"SCPA","509","Le financement des initiatives de DÉC. Partie II"
"SCPA","510","CED Field Project Part 1"
"SCPA","516","Housing and Land Use from a CED Perspective: Part II"
"SCPA","516","Logement et aménagement du territoire dans une perspective de DÉC. Partie II"
"SCPA","537","Aboriginal CED: Part II"
"SCPA","537","Le DÉC en milieu autochtone. Partie II"
"SCUL","201","Introduction to Sculpture and Installation"
"SCUL","210","Sculpture and Material Practices"
"SCUL","251","Sculpture/Mechanics"
"SCUL","310","Sculpture and Spatial Practices"
"SCUL","311","Metal Casting: Bronze and Aluminum I"
"SCUL","312","Metal Casting: Bronze and Aluminum II"
"SCUL","396","Digital Sculpture"
"SCUL","397","Intermediate Digital Sculpture II"
"SCUL","398","Special Topics in Sculpture"
"SCUL","399","Special Topics in Sculpture "
"SCUL","410","Sculpture as Practice"
"SCUL","450","Independent Study"
"SCUL","451","Independent Study I"
"SCUL","451","INDEPENDENT STUDY I"
"SCUL","452","Independent Study II"
"SCUL","490","Advanced Studio Practice"
"SOCI","415","Field Research"
"SOCI","450","Social Economy & Sustainable Futures"
"SOEN","228","System Hardware"
"SOEN","341","Software Process"
"SOEN","385","Control Systems and Applications"
"SOEN","390","Software Engineering Team Design Project"
"SOEN","422","Embedded Systems and Software"
"SOEN","423","Distributed Systems"
"SOEN","487","Web Services and Applications"
"SOEN","490","Capstone Software Engineering Design Project"
"SOEN","491","Software Engineering Project"
"SOEN","6231","Distributed Systems"
"SPAN","200","Introductory Spanish: Intensive"
"SPAN","201","Introductory Spanish I"
"SPAN","202","Introductory Spanish II"
"SPAN","240","Intermediate Spanish: Intensive Course "
"SSDB","220","Introduction to Theories of Sexuality"
"SSDB","275","Introduction to Sexuality Research"
"SSDB","425","Ethics and Community Engagement"
"SSDB","426","Practicum"
"SSDB","428","Independent Study"
"SSDB","492","Seminar in Advanced Topics in Sexuality I"
"STAT","280","Introduction to Statistical Programming"
"STAT","287","Statistics Lab I"
"STAT","380","Statistical Learning"
"STAT","388","Statistics Lab II"
"STAT","460","Time Series and Forecasting"
"STAT","461","Statistical Simulation"
"STAT","480","Statistical Consulting and Data Analysis"
"STAT","497","Topics in Statistics (Topic in 2020, 2021 - Reinforcement Learning)"
"TESL","201","Introduction to Teaching English as a Second Language"
"TESL","221","Phonology for Teachers"
"TESL","231","Modern English Grammar"
"TESL","324","Methodology I"
"TESL","326","TESL Pedagogy: General"
"TESL","330","Computers in Language Learning"
"TESL","331","Grammar for Teachers"
"TESL","341","Language acquisition"
"TESL","415","Testing, Evaluation, and Course Design"
"TESL","424","Methodology II"
"TESL","426","Primary Pedagogy"
"TESL","427","Secondary Pedagogy"
"TESL","433","Practicum"
"TESL","471","English Language Arts: Secondary"
"TESL","488","Internship Seminar"
"THEO","234","Pilgrim Bodies, Sacred Journeys"
"THEO","243","Indigenous Spirituality"
"THEO","404","Practicum in Pastoral  Care"
"THEO","692","Applied Project in Theology"
"URBS","250","Representation Methods in Urban Studies"
"URBS","260","Analytical Methods in Urban Studies"
"URBS","333","Urban Laboratory"
"URBS","335","Geographic Information Systems"
"URBS","337","Urban Agriculture"
"URBS","362","Quantitative Research Methods"
"URBS","420","The Social and Cultural Geographies of Montreal"
"URBS","433","Advanced Urban Laboratory"
"URBS","483","Directed Studies / Practicum in Urban Planning I"
"URBS","484","Directed Studies / Practicum in Urban Planning II"
"VDEO","350","Video History and Theory"
"WSDB","290","Introduction to Historical Perspectives in Women’s Studies"
"WSDB","291","Introduction to Contemporary Concerns in Women’s Studies"
"WSDB","292","Feminism and Research Methods"
"WSDB","391","Health Issues: Feminist Perspectives"
"WSDB","394","Tutorial in Women’s Studies"
"WSDB","491","Feminist Perspectives on Culture"
"WSDB","494","Advanced Tutorial in Women’s Studies"
"WSDB","496","Directed Research"
"WSDB","498","Seminar in Women’s Studies"
"COMP","345","Advanced Program Design with C++"
"COMP","426","Multicore Programming"
"COMP","442","Compiler Design"